"Out","Source","Status"
"road-70ld-blue-01.jpg","D:\头盔图片\HT-70LD\宏途运动白底图 02073.jpg","ok"
"road-70ld-white-01.jpg","D:\头盔图片\HT-70LD\宏途运动白底图 02220.jpg","ok"
"road-70ld-white-side.jpg","D:\头盔图片\HT-70LD\宏途运动白底图 02202.jpg","ok"
"road-70ld-black-gold.jpg","D:\头盔图片\HT-70LD\宏途运动白底图 02455.jpg","ok"
"road-72ld-dark-side.jpg","D:\头盔图片\HT-72LD\宏途运动白底图 00495.jpg","ok"
"road-72ld-white-side.jpg","D:\头盔图片\HT-72LD\宏途运动白底图 01869.jpg","ok"
"road-72ld-black-side.jpg","D:\头盔图片\HT-72LD\宏途运动白底图 02060.jpg","ok"
"city-black-visor.jpg","D:\头盔图片\2026.1.27多款骑行头盔白底图\宏途运动白底图 08364.jpg","ok"
"city-white-visor.jpg","D:\头盔图片\2026.1.27多款骑行头盔白底图\宏途运动白底图 08376.jpg","ok"
"city-white-shell.jpg","D:\头盔图片\2026.1.27多款骑行头盔白底图\宏途运动白底图 08430.jpg","ok"
"bike-black-front.jpg","D:\头盔图片\2026.1.27多款骑行头盔白底图\宏途运动白底图 08340.jpg","ok"
"bike-white-side.jpg","D:\头盔图片\2026.1.27多款骑行头盔白底图\宏途运动白底图 08388.jpg","ok"
"kid-animal-blue.jpg","D:\头盔图片\参展头盔\宏途运动白底图 02399.jpg","ok"
"kid-unicorn-orange.jpg","D:\头盔图片\参展头盔\宏途运动白底图 02414.jpg","ok"
"kid-unicorn-green.jpg","D:\头盔图片\参展头盔\宏途运动白底图 02418.jpg","ok"
"skate-black-pink.jpg","D:\头盔图片\参展头盔\宏途运动白底图 02420.jpg","ok"
"skate-black-gold.jpg","D:\头盔图片\参展头盔\宏途运动白底图 02425.jpg","ok"
"snow-black-side.jpg","D:\头盔图片\HT-40滑雪盔\HT-40款 滑雪头盔（新颜色）\1.jpg","ok"
"snow-white-side.jpg","D:\头盔图片\HT-40滑雪盔\HT-40款 滑雪头盔（新颜色）\3.jpg","ok"
"snow-pink-side.jpg","D:\头盔图片\HT-40滑雪盔\HT-40款 滑雪头盔（新颜色）\4.jpg","ok"
